"Photon energy, eV","n","k"
0.12000018141027846,8.499,7.0568
0.15991975574701042,7.3282,6.1941
0.19983912097143824,6.5538,5.5633
0.23975902582205236,5.9969,5.0772
0.279678300586722,5.5736,4.6879
0.3195962969353501,5.2393,4.3669
0.3595203486432167,4.9676,4.0961
0.3994335935344707,4.742,3.8637
0.43936421359048766,4.5514,3.6613
0.4792770784842851,4.3881,3.483
0.5191967647952249,4.2468,3.3243
0.559116967003832,4.1232,3.1819
0.5990442452195957,4.0144,3.0534
0.6389620049118724,3.9179,2.9367
0.6788818235399425,3.8318,2.8302
0.718790581674878,3.7547,2.7326
0.7587307229245438,3.6854,2.6429
0.7986613465157157,3.6227,2.5602
0.8385809092532953,3.5659,2.4838
0.8784482601183202,3.5142,2.4132
0.9184013883933312,3.4671,2.3477
0.9582948479911865,3.4239,2.287
0.9982623786884035,3.3843,2.2306
1.038132692230593,3.3478,2.1783
1.078123368983476,3.314,2.1297
1.1179818524174907,3.2826,2.0846
1.1578650301933107,3.2534,2.0427
1.1977991250420224,3.2259,2.0038
1.2377377202066457,3.2001,1.9677
1.2776737954131814,3.1755,1.9342
1.3175930395976547,3.1522,1.9032
1.3575109209597918,3.1298,1.8743
1.3974300624764686,3.1081,1.8475
1.437364504545662,3.0872,1.8226
1.477286063282373,3.0667,1.7994
1.5172014761940273,3.0466,1.7776
1.55712081072415,3.0268,1.7573
1.597034642464638,3.0073,1.7381
1.6369494386540937,2.9879,1.7199
1.6768669349062688,2.9687,1.7027
1.7168045007214228,2.9496,1.6862
1.7567222669297322,2.9305,1.6702
1.796637937560314,2.9116,1.6548
1.8365579023996759,2.8928,1.6397
1.8764728017964933,2.8742,1.6248
1.9163823273582965,2.8558,1.6101
1.9563271180431032,2.8377,1.5955
1.9962354478916051,2.8198,1.581
2.0361660579248118,2.8023,1.5663
2.076091551123572,2.7853,1.5517
2.115987770643747,2.7688,1.5369
2.1559092912952704,2.7528,1.522
2.1958483862547107,2.7375,1.507
2.2357621032025916,2.7229,1.4919
2.275690823264559,2.709,1.4767
2.3156003106493794,2.6959,1.4615
2.355501699086171,2.6837,1.4461
2.3954131152669045,2.6724,1.4308
2.4353601931467237,2.6621,1.4155
2.475277754259413,2.6528,1.4004
2.5151983493548853,2.6444,1.3853
2.555110613986887,2.6372,1.3704
2.59506012167151,2.631,1.3558
2.6349340636948977,2.626,1.3416
2.674897789327085,2.6221,1.3277
2.7147840471447275,2.6193,1.3142
2.754714438168764,2.6176,1.3013
2.794639635593367,2.6172,1.289
2.8345721863991704,2.6178,1.2774
2.874462417014808,2.6196,1.2665
2.9143948905340538,2.6226,1.2564
2.9543257186146192,2.6266,1.2473
2.9942085450420137,2.6318,1.2393
3.0341430495338013,2.638,1.2323
3.0740897409773806,2.6453,1.2265
3.114006968054746,2.6536,1.222
3.153931149884249,2.6629,1.219
3.193822448044815,2.673,1.2174
3.233723362277972,2.6841,1.2174
3.273682766960624,2.6959,1.2192
3.313579053187046,2.7084,1.2228
3.353552444702597,2.7216,1.2283
3.393387181024707,2.7352,1.2359
3.4333237547934123,2.7492,1.2457
3.4732382954617953,2.7635,1.2578
3.5131956428862803,2.7779,1.2723
3.5530645488780546,2.7922,1.2893
3.593015545631313,2.8062,1.309
3.6329168844672917,2.8197,1.3314
3.6728437785673997,2.8324,1.3566
3.712768384533141,2.8441,1.3848
3.752661625143004,2.8544,1.4158
3.7926092023217315,2.8631,1.4499
3.832586937653778,2.8697,1.4868
3.872448618955546,2.8738,1.5266
3.9124073030324933,2.8751,1.5691
3.9523171001944446,2.8732,1.6142
3.9922780600560186,2.8675,1.6615
4.032137221799074,2.8578,1.7108
4.072131488589999,2.8436,1.7616
4.111972255011267,2.8246,1.8133
4.151905010819761,2.8005,1.8656
4.191770485938864,2.7712,1.9176
4.231686659377444,2.7366,1.9688
4.271634364620145,2.6968,2.0183
4.31159366508206,2.6519,2.0656
4.351543852067237,2.6023,2.1099
4.391463444660493,2.5483,2.1506
4.431330191683038,2.4905,2.1871
4.4712823193443585,2.4294,2.2191
4.511140570262688,2.3658,2.2463
4.5510475143376175,2.3003,2.2683
4.590986722694946,2.2336,2.2853
4.630941150902017,2.1664,2.2972
4.670893137172231,2.0992,2.3041
4.71082440188076,2.0326,2.3063
4.750716048474968,1.967,2.3041
4.790548565862977,1.903,2.2978
4.830490023497086,1.8407,2.2878
4.870529047497632,1.7804,2.2745
4.910459322472166,1.7224,2.2581
4.950259020725853,1.6667,2.2392
4.990307403223977,1.6134,2.2179
5.030192609262403,1.5626,2.1947
5.0700984474155435,1.5141,2.1699
5.110010610110032,1.4681,2.1436
5.149914327439241,1.4244,2.1162
5.189794367228954,1.3829,2.0878
5.229855630535273,1.3436,2.0586
5.269644144555412,1.3064,2.0289
5.309587916281946,1.2711,1.9986
5.349449343448233,1.2378,1.968
5.389445226389903,1.2062,1.9372
5.42933033075406,1.1763,1.9062
5.469327603030558,1.1479,1.8751
5.509184067233935,1.1211,1.8439
5.549128918815724,1.0956,1.8128
5.589153290046419,1.0715,1.7816
5.628992437714506,1.0486,1.7505
5.668885164514641,1.0269,1.7195
5.708821596514398,1.0063,1.6885
5.7487915534427465,0.98672,1.6576
5.788514283257842,0.96818,1.6267
5.828515768761739,0.95059,1.5959
5.868518361958617,0.93392,1.5652
5.908510647784012,0.91815,1.5345
5.948195520682197,0.90324,1.5038
5.9881278644336975,0.88917,1.4731
6.028013780294619,0.87594,1.4424
6.068137599505663,0.86354,1.4116
6.107896321646372,0.85195,1.3809
6.1478746185897615,0.84119,1.35
6.18776201193291,0.83127,1.3191
6.2278575162296415,0.82219,1.2882
6.267525398498621,0.81397,1.2571
6.307701843360791,0.80664,1.226
6.347421667593289,0.80021,1.1947
6.387315822631483,0.79472,1.1634
6.427381411772925,0.79019,1.1321
6.467278046690299,0.78667,1.1006
6.507331519083594,0.78418,1.0692
6.547192661620093,0.78276,1.0377
6.587195166990741,0.78246,1.0063
6.626980994874109,0.78329,0.97502
6.666891833795758,0.78531,0.94383
6.706923479016537,0.78853,0.91285
6.74670443669259,0.79299,0.88215
6.786588616404823,0.79869,0.8518
6.826571271506426,0.80565,0.82189
6.866647509586825,0.81386,0.79251
6.906427553091561,0.8233,0.76377
6.94628200084597,0.83393,0.73576
6.986205411230051,0.84571,0.70858
7.026192192740548,0.85858,0.68231
7.06623660282114,0.87244,0.65704
7.105925460402322,0.88722,0.63285
7.1460626762593495,0.9028,0.60978
7.185822848794466,0.91909,0.58787
7.225606820508172,0.93598,0.56716
7.265833768934583,0.95335,0.54764
7.305650075605428,0.9711,0.52932
7.345469958711992,0.98914,0.51217
7.385286361275894,1.0074,0.49616
7.425536769066282,1.0257,0.48126
7.4653292047868325,1.0441,0.46742
7.505096091591992,1.0624,0.45459
7.5452889138936055,1.0807,0.44273
7.58498638401442,1.0988,0.43177
7.625103778173414,1.1168,0.42167
7.66470001441022,1.1346,0.41238
7.704709634172241,1.1521,0.40384
7.744655345936642,1.1695,0.39601
7.7845286264268045,1.1865,0.38884
7.8243208022907815,1.2033,0.38228
7.86452187967648,1.2198,0.3763
7.904634200388889,1.2361,0.37086
7.944139644588949,1.252,0.36593
7.984041949455838,1.2677,0.36146
8.024347125305786,1.2831,0.35743
8.064012190770713,1.2982,0.35381
8.10407134015947,1.313,0.35058
8.14399549613109,1.3276,0.3477
8.183774748059387,1.3419,0.34516
8.223944510022534,1.3559,0.34294
8.263408919828027,1.3697,0.34101
8.303810021639523,1.3833,0.33936
8.343485022415862,1.3965,0.33797
8.383540971877729,1.4096,0.33683
8.42341106278278,1.4224,0.33592
8.463084466423188,1.435,0.33522
8.503133353892032,1.4473,0.33474
8.542974397650362,1.4595,0.33444
8.583190545732068,1.4715,0.33433
8.62318733016412,1.4832,0.3344
8.662953286270243,1.4947,0.33463
8.703087704134473,1.5061,0.33502
8.742979157541761,1.5173,0.33555
8.782615813069329,1.5283,0.33623
8.822613494136464,1.5391,0.33704
8.862343633531074,1.5498,0.33798
8.902433218431803,1.5603,0.33905
8.942242151684077,1.5706,0.34023
8.982408710649837,1.5808,0.34153
9.022281140525376,1.5908,0.34293
9.06184676458849,1.6007,0.34443
9.10176093327703,1.6105,0.34604
9.142028272607265,1.6201,0.34774
9.181973445389891,1.6296,0.34953
9.221583297367031,1.639,0.35141
9.261536373578824,1.6482,0.35338
9.30183715455771,1.6573,0.35543
9.341786274344463,1.6663,0.35756
9.381370114489991,1.6752,0.35976
9.421290838381438,1.684,0.36204
9.461552765041187,1.6927,0.36439
9.501432096949936,1.7013,0.36682
9.540914769765271,1.7098,0.36931
9.580726947925177,1.7182,0.37187
9.620872773578002,1.7265,0.37449
9.660603664726485,1.7347,0.37717
9.700664066434529,1.7429,0.37992
9.741058094995264,1.7509,0.38273
9.780246701356766,1.7589,0.3856
9.820529697671263,1.7668,0.38853
9.86036165365832,1.7746,0.39151
9.900518041451706,1.7824,0.39455
9.94020583926078,1.7901,0.39764
9.980213107389497,1.7977,0.40079
10.020543718831302,1.8053,0.40399
10.060385218524805,1.8128,0.40725
10.099722013123145,1.8203,0.41055
10.140196894831087,1.8277,0.41391
10.18016154307412,1.8351,0.41732
10.219600019213626,1.8424,0.42078
10.25934525718657,1.8497,0.42429
10.299400850066432,1.8569,0.42785
10.33977044726042,1.8641,0.43146
10.379588734457908,1.8712,0.43512
10.419714886385387,1.8784,0.43883
10.459270071967243,1.8855,0.44258
10.499126719713754,1.8926,0.44639
10.539288289110823,1.8996,0.45025
10.578855583028986,1.9066,0.45416
10.618721088823202,1.9137,0.45812
10.658888190603482,1.9207,0.46213
10.698437089748875,1.9277,0.46619
10.7382805675645,1.9347,0.47031
10.778421927592778,1.9416,0.47448
10.81886452295809,1.9486,0.4787
10.85866066150812,1.9556,0.48298
10.898750653401873,1.9626,0.48731
10.938172689289784,1.9696,0.49171
10.977880948565584,1.9767,0.49616
11.017878559770702,1.9837,0.50067
11.058168697208323,1.9908,0.50525
11.097761137943046,1.9978,0.50989
11.137638109333427,2.005,0.51459
11.177802689605095,2.0121,0.51937
11.21724305013116,2.0193,0.52421
11.257984875429011,2.0266,0.52914
11.297994116375042,2.0338,0.53413
11.33725195986647,2.0412,0.53921
11.377827606965194,2.0486,0.54437
11.417643193028796,2.056,0.54963
11.45773841910172,2.0635,0.55497
11.49705002161533,2.0711,0.56041
11.536632309770143,2.0788,0.56595
11.57648808899157,2.0865,0.57159
11.616620203607205,2.0944,0.57735
11.657031537523478,2.1023,0.58322
11.696621455952803,2.1103,0.58922
11.736481203436172,2.1185,0.59535
11.776613547976796,2.1267,0.60161
11.817021295568024,2.135,0.60802
11.856573341598901,2.1435,0.61459
11.896391041364394,2.1521,0.62131
11.936477080302273,2.1608,0.62821
11.975677333439556,2.1697,0.63529
12.016300390879989,2.1787,0.64257
12.056027560589238,2.1879,0.65005
12.09601828615607,2.1972,0.65775
12.136275199011326,2.2066,0.66568
12.175605168722353,2.2163,0.67385
12.215190880108345,2.2261,0.68228
12.256246286387873,2.2361,0.69099
12.29513957091429,2.2463,0.7
12.335507654273178,2.2566,0.70931
12.374906421109863,2.2672,0.71896
12.41530355614633,2.2779,0.72896
12.45521452152814,2.2889,0.73933
12.495131057696543,2.3001,0.7501
12.535050796997242,2.3115,0.76129
12.574971340936722,2.3231,0.77293
12.614890260174567,2.3349,0.78504
12.654805094525049,2.3469,0.79766
12.69471335296825,2.3592,0.81081
12.734743314239024,2.3717,0.82452
12.774631645262966,2.3844,0.83883
12.814505744845091,2.3973,0.85376
12.854496271005237,2.4104,0.86936
12.894334862106591,2.4238,0.88565
12.934286221465278,2.4374,0.90266
12.974214377378008,2.4513,0.92043
13.014116599638886,2.4654,0.93897
13.053990127513709,2.4797,0.95832
13.093970453816716,2.4944,0.97848
13.133918160285987,2.5094,0.99947
13.173830400694872,2.5248,1.0213
13.213704298529224,2.5409,1.0439
13.253678624979925,2.558,1.0676
13.293610472530151,2.5768,1.093
13.333496879466992,2.5982,1.1216
13.37347910484416,2.6234,1.1578
13.413266485611324,2.6485,1.2097
13.453291315346272,2.6579,1.2796
13.493115177674722,2.6415,1.3467
13.533027793518567,2.6182,1.3965
13.573028641987577,2.601,1.4395
13.612967723610499,2.5879,1.4856
13.652841852739694,2.5714,1.5384
13.692799036202162,2.5419,1.5936
13.732686570499723,2.4994,1.6341
13.77265417710112,2.4661,1.6542
13.812547339976797,2.4514,1.6736
13.852517505904798,2.4439,1.7022
13.892408335734903,2.4357,1.7377
13.932216452573824,2.424,1.7768
13.97225336200637,2.4081,1.8173
14.01220431417331,2.3882,1.8581
14.052065852876474,2.3643,1.8985
14.091994661760326,2.3366,1.9379
14.131828872854276,2.3055,1.9758
14.171888923153388,2.2712,2.0119
14.211688017457355,2.234,2.0458
14.251711277886306,2.1942,2.0772
14.291631117436829,2.1523,2.1059
14.331443896002833,2.1085,2.1316
14.371479110373093,2.0632,2.1542
14.411403597858904,2.0169,2.1737
14.451213641016343,1.9699,2.19
14.49124423585167,1.9226,2.2032
14.531156597060548,1.8752,2.2133
14.57094693067337,1.8282,2.2204
14.610955776553462,1.7817,2.2247
14.650838682331637,1.7361,2.2264
14.690765845904986,1.6914,2.2256
14.73073620695756,1.648,2.2226
14.770572722551789,1.6058,2.2175
14.810448363845918,1.5651,2.2105
14.850362015726589,1.5258,2.202
14.890312548261539,1.4881,2.1919
14.93029881663492,1.4519,2.1806
14.970138905965843,1.4173,2.1682
15.010192183183984,1.3842,2.1549
15.050094977373389,1.3527,2.1407
15.090026828755,1.3226,2.1259
15.12980187598078,1.294,2.1106
15.169787159474339,1.2668,2.0948
15.209797761555977,1.2409,2.0787
15.2496448388251,1.2163,2.0624
15.289512699695369,1.193,2.0458
15.32940002882044,1.1708,2.0292
15.369496018681241,1.1498,2.0125
15.409419268344482,1.1298,1.9958
15.44916544342264,1.1109,1.9792
15.48911718675508,1.0929,1.9627
15.52908159232211,1.0758,1.9463
15.569057252853609,1.0595,1.93
15.608846237423169,1.0441,1.9139
15.648839116119063,1.0295,1.898
15.68883893265589,1.0155,1.8824
15.728644681784125,1.0022,1.8669
15.768652935136748,0.98959,1.8517
15.80846210369885,0.97756,1.8367
15.848472783564025,0.96608,1.8219
15.888279289177898,0.95514,1.8074
15.928286261783901,0.94469,1.7932
15.968289556578705,0.93471,1.7792
16.00808090703796,0.92517,1.7655
16.04807106488645,0.91605,1.752
16.088052764266955,0.90732,1.7388
16.127814588831328,0.89896,1.7258
16.16777344405755,0.89094,1.7131
16.207718921408645,0.88324,1.7006
16.247649351072575,0.87586,1.6884
16.287563047883623,0.86876,1.6764
16.32745831135426,0.86193,1.6647
16.367333425710513,0.85535,1.6532
16.407403783857784,0.84901,1.6419
16.44723444716975,0.8429,1.6308
16.487258967167513,0.837,1.62
16.527038141417467,0.83131,1.6093
16.5670097321013,0.82579,1.5989
16.606952695370854,0.82046,1.5887
16.64686521477191,0.8153,1.5786
16.686745458755563,0.81029,1.5688
16.72659158074304,0.80542,1.5591
16.766628454582296,0.8007,1.5497
16.806629628593853,0.79611,1.5404
16.846364312825212,0.79165,1.5313
16.886287325919632,0.7873,1.5223
16.92640000997962,0.78306,1.5136
16.966239368487994,0.77892,1.505
17.006033444860467,0.77488,1.4965
17.046014632996457,0.77093,1.4882
17.085948795300723,0.76707,1.48
17.125833945673754,0.7633,1.472
17.165905746202903,0.75959,1.4641
17.205687959075732,0.75597,1.4564
17.245654991876776,0.7524,1.4488
17.285567141118367,0.74891,1.4413
17.32542235168102,0.74547,1.4339
17.365461774738392,0.74209,1.4267
17.405442341765713,0.73877,1.4195
17.445361957661422,0.7355,1.4125
17.485218513157854,0.73227,1.4056
17.525009884956212,0.72909,1.3988
17.56498277747708,0.72595,1.3921
17.604888454988174,0.72285,1.3855
17.644724754593156,0.71979,1.379
17.684741746034646,0.71676,1.3726
17.724687267062148,0.71377,1.3663
17.76455911525507,0.71081,1.3601
17.804610752067855,0.70788,1.354
17.844329735193753,0.70498,1.3479
17.884484303368154,0.7021,1.342
17.92430172082227,0.69924,1.3361
17.964296830215705,0.69641,1.3303
18.004209373997984,0.6936,1.3245
18.04403705802476,0.69082,1.3188
18.084041340883857,0.68805,1.3132
18.123958460597247,0.6853,1.3077
18.163786084340483,0.68256,1.3022
18.20378913698626,0.67984,1.2968
18.243700328590304,0.67714,1.2915
18.283517287957842,0.67445,1.2862
18.323508428869076,0.67177,1.281
18.36340291083723,0.66911,1.2758
18.40319832466487,0.66645,1.2707
18.443166594734063,0.66381,1.2656
18.48303330845255,0.66118,1.2606
18.52307274715765,0.65856,1.2556
18.563008104849413,0.65594,1.2507
18.602836909299562,0.65334,1.2458
18.64283699467705,0.65074,1.241
18.682727940735003,0.64815,1.2362
18.72278996588691,0.64557,1.2314
18.762740228979983,0.64299,1.2267
18.802576195495863,0.64042,1.222
18.842581676762876,0.63786,1.2174
18.882470177593962,0.6353,1.2128
18.922239127191936,0.63275,1.2082
18.962175947556737,0.6302,1.2037
19.001990472213663,0.62766,1.1992
19.041972544285866,0.62512,1.1947
19.081829539530542,0.62259,1.1902
19.121853735113085,0.62006,1.1858
19.16175003602555,0.61754,1.1814
19.201813166240722,0.61502,1.1771
19.241745547156004,0.61251,1.1727
19.281544498320383,0.61,1.1684
19.321508428228537,0.60749,1.1641
19.361336014038717,0.60499,1.1598
19.401328132869057,0.60249,1.1555
19.44118095667509,0.59999,1.1513
19.4811978431406,0.5975,1.1471
19.52107244707378,0.59502,1.1429
19.561110618478097,0.59254,1.1387
19.60100348327374,0.59006,1.1345
19.640748254776117,0.58759,1.1304
19.68065453396929,0.58512,1.1262
19.72072330731664,0.58265,1.1221
19.760640618570953,0.5802,1.118
19.800403633693676,0.57774,1.1139
19.840326996383435,0.57529,1.1098
19.88041167852156,0.57285,1.1057
19.920338597863065,0.57041,1.1016
19.960104873639597,0.56798,1.0975
20.000030235046413,0.56556,1.0935
20.040115638633818,0.56314,1.0894
20.08003683425374,0.56073,1.0854
20.11979089513651,0.55832,1.0814
20.159702676883256,0.55592,1.0773
20.19977311997584,0.55353,1.0733
20.239672766512083,0.55114,1.0693
20.279398644558167,0.54877,1.0653
20.319613785190963,0.5464,1.0613
20.359320081628248,0.54404,1.0573
20.39918186102103,0.54169,1.0533
20.439200038427252,0.53935,1.0493
20.479037268854633,0.53701,1.0453
20.519030092860405,0.53469,1.0413
20.558838515114285,0.53238,1.0373
20.598801700132864,0.53007,1.0333
20.638920552178135,0.52778,1.0293
20.678851082125473,0.5255,1.0253
20.71859019302492,0.52323,1.0213
20.758482333467228,0.52098,1.0173
20.798528389099463,0.51873,1.0133
20.838379009899445,0.5165,1.0094
20.878382633891235,0.51428,1.0054
20.918187213493905,0.51207,1.0014
20.95814385765234,0.50988,0.99738
20.998253439427508,0.50771,0.99339
21.038159848149544,0.50554,0.98939
21.07785988798404,0.5034,0.98539
21.117710042939095,0.50126,0.98139
21.15771116605797,0.49915,0.97739
21.19786411685953,0.49705,0.97339
21.237805963291546,0.49496,0.96938
21.27753345342367,0.4929,0.96538
21.317409850776244,0.49085,0.96137
21.357435994125908,0.48882,0.95736
21.397243447656308,0.48681,0.95335
21.43719957000825,0.48482,0.94933
21.47730519558961,0.48284,0.94532
21.517187732441247,0.48089,0.9413
21.556843855185555,0.47895,0.93728
21.597022615854883,0.47704,0.93326
21.636973828679576,0.47515,0.92924
21.676694133101336,0.47328,0.92522
21.71656053967276,0.47143,0.92119
21.756573855984648,0.4696,0.91717
21.796351710194557,0.4678,0.91315
21.836275283661163,0.46601,0.90912
21.87634537857957,0.46425,0.9051
21.916175392968203,0.46252,0.90107
21.95615070801674,0.46081,0.89705
21.996272120267488,0.45912,0.89302
22.036148768857476,0.45746,0.889
22.075777190160732,0.45582,0.88498
22.115942889548833,0.4542,0.88096
22.155859083827682,0.45261,0.87695
22.19552227588609,0.45105,0.87294
22.235726507487527,0.44951,0.86893
22.27567642844818,0.448,0.86492
22.31536850847727,0.44652,0.86092
22.35520229225937,0.44506,0.85692
22.395178539991278,0.44363,0.85293
22.43529801731714,0.44222,0.84895
22.475154071077625,0.44084,0.84497
22.51515198450973,0.43949,0.84099
22.554882196307027,0.43817,0.83703
22.59475287174015,0.43687,0.83307
22.634764757028574,0.4356,0.82912
22.674918603686923,0.43435,0.82518
22.714799009416797,0.43314,0.82125
22.754402333192576,0.43195,0.81733
22.794563066829628,0.43078,0.81342
22.83444526089834,0.42965,0.80953
22.87446725823765,0.42853,0.80564
22.914206297238803,0.42745,0.80177
22.95408365110892,0.42639,0.79791
22.99410004323066,0.42536,0.79406
23.033828270774837,0.42435,0.79023
23.074123431243315,0.42337,0.78641
23.11369799837805,0.42241,0.78261
23.15384093394706,0.42148,0.77883
23.193689657493962,0.42057,0.77506
23.233675780132618,0.41969,0.77131
23.273363135753517,0.41882,0.76758
23.313624684210474,0.41798,0.76387
23.353585879280413,0.41717,0.76017
23.393242911905606,0.41637,0.7565
23.433034857890704,0.4156,0.75284
23.472962406872345,0.41484,0.74921
23.51302625319547,0.4141,0.74559
23.55277966472896,0.41339,0.742
23.59311667391671,0.41269,0.73843
23.632691121952558,0.41201,0.73488
23.672850542845634,0.41134,0.73135
23.712693155548276,0.41069,0.72784
23.752670108643954,0.41006,0.72436
23.7923255038475,0.40944,0.7209
23.832571638140767,0.40883,0.71746
23.8724944995956,0.40824,0.71405
23.912090151031766,0.40766,0.71066
23.95228009062452,0.40708,0.70729
23.992141074965595,0.40652,0.70394
24.03213495243351,0.40597,0.70062
24.071795020599485,0.40542,0.69732
24.112055121178475,0.40489,0.69404
24.151979630485968,0.40435,0.69078
24.191564541784494,0.40383,0.68755
24.23175300650817,0.40331,0.68434
24.271600061293547,0.40279,0.68115
24.311578382112966,0.40227,0.67798
24.351210337444705,0.40176,0.67483
24.39145156166507,0.40125,0.6717
24.431344571825434,0.40074,0.66858
24.47136828838443,0.40023,0.66549
24.511038774509164,0.39972,0.66242
24.55083808896848,0.3992,0.65936
24.590766860330376,0.39869,0.65632
24.63082572125866,0.39817,0.6533
24.670524401683323,0.39765,0.65029
24.710843750368657,0.39712,0.6473
24.750800996765957,0.3966,0.64432
24.79039198470392,0.39606,0.64136
24.83060711229266,0.39552,0.6384
24.87045403055037,0.39498,0.63546
24.91042904305628,0.39443,0.63253
24.95003067496422,0.39387,0.62961
24.990262115393087,0.39331,0.62669
25.030118188133343,0.39274,0.62379
25.070101593994483,0.39216,0.62089
25.109704403487395,0.39158,0.61799
25.149942681873444,0.39099,0.6151
25.189798340735415,0.39039,0.61222
25.229780520349134,0.38978,0.60934
25.269374795291903,0.38917,0.60646
25.309610189050098,0.38856,0.60358
25.349455619116686,0.38793,0.6007
25.3894267059365,0.3873,0.59782
25.429002488483643,0.38667,0.59494
25.469225027341764,0.38603,0.59206
25.5090501672907,0.38538,0.58918
25.549000048034063,0.38473,0.58629
25.589075256563135,0.38407,0.58339
25.628746601298076,0.38341,0.58049
25.66854114386562,0.38275,0.57759
25.70845945903741,0.38208,0.57468
25.74850212516608,0.38141,0.57176
25.788669724213182,0.38074,0.56883
25.82842477201419,0.38006,0.56589
25.868302579461226,0.37939,0.56294
25.90830371603797,0.37872,0.55999
25.948428754756016,0.37804,0.55702
25.98813352752153,0.37737,0.55404
26.027959994352834,0.3767,0.55105
26.067908715592218,0.37603,0.54805
26.107980255027417,0.37536,0.54503
26.14762372843067,0.3747,0.54201
26.187940907633433,0.37404,0.53896
26.22782776973678,0.37339,0.53591
26.2672798104065,0.37275,0.53284
26.307408906002614,0.37211,0.52976
26.347660801389743,0.37148,0.52666
26.387474446239246,0.37085,0.52355
26.42740859705845,0.37024,0.52042
26.466898800960553,0.36964,0.51728
26.50707389427881,0.36905,0.51412
26.546802722058004,0.36846,0.51095
26.586650819809517,0.3679,0.50777
26.6266187254316,0.36734,0.50456
26.666706980061882,0.3668,0.50135
26.70691612810178,0.36627,0.49812
26.746669708359338,0.36576,0.49487
26.786541812448625,0.36527,0.49161
26.826532971222647,0.36479,0.48833
26.86606154696737,0.36433,0.48504
26.906290675585872,0.36389,0.48173
26.946054818981946,0.36347,0.47841
26.985936669227694,0.36306,0.47507
27.025936749738364,0.36268,0.47172
27.066055587037134,0.36232,0.46836
27.105701106906217,0.36199,0.46498
27.146057283975153,0.36167,0.46159
27.185937690895873,0.36138,0.45819
27.225337600592823,0.36112,0.45478
27.26545146198837,0.36088,0.45135
27.30568370547939,0.36066,0.44791
27.345431723224465,0.36047,0.44446
27.3852956295224,0.36031,0.441
27.425275931936763,0.36017,0.43753
27.465373140999446,0.36007,0.43405
27.504977579053556,0.35999,0.43056
27.544696399426755,0.35994,0.42706
27.585143824389203,0.35993,0.42355
27.625094679953595,0.35994,0.42003
27.66454413126709,0.35999,0.41651
27.704725472179952,0.36006,0.41298
27.744402844857618,0.36017,0.40945
27.784194028572006,0.36031,0.4059
27.824723946475395,0.36049,0.40236
27.86411979348699,0.3607,0.39881
27.904255363949343,0.36094,0.39526
27.943876903491113,0.36122,0.3917
27.984242734025443,0.36154,0.38815
28.02409191110251,0.36188,0.38459
28.06405473937837,0.36227,0.38103
28.10413170575295,0.36269,0.37748
28.143684440255075,0.36315,0.37392
28.183989323520652,0.36364,0.37037
28.22376731387004,0.36418,0.36682
28.263657745708553,0.36475,0.36327
28.303661096472943,0.36535,0.35973
28.343129899666174,0.366,0.3562
28.383358690787905,0.36668,0.35267
28.423050235689168,0.3674,0.34915
28.462852946074314,0.36816,0.34564
28.502767289615786,0.36896,0.34214
28.54279373661304,0.3698,0.33865
28.582932760011,0.37067,0.33517
28.622524051319278,0.37159,0.3317
28.662887792005666,0.37254,0.32825
28.70270104479575,0.37352,0.32482
28.742625054038324,0.37455,0.32139
28.782660282547056,0.37562,0.31799
28.82213716277279,0.37672,0.3146
28.862394355541518,0.37786,0.31123
28.90209040820078,0.37903,0.30788
28.941895803613463,0.38024,0.30455
28.981810994179458,0.38149,0.30125
29.021836434797805,0.38277,0.29796
29.061972582884,0.38409,0.2947
29.10153681182511,0.38544,0.29146
29.14189386134674,0.38683,0.28825
29.181676144020457,0.38825,0.28507
29.221567190624267,0.3897,0.28191
29.261567447806215,0.39118,0.27877
29.301677364663274,0.3927,0.27567
29.341203008590426,0.39424,0.2726
29.381531691809972,0.39582,0.26955
29.42127320972443,0.39742,0.26654
29.461122382164174,0.39906,0.26356
29.50107964715533,0.40072,0.26061
29.541145445103577,0.4024,0.25769
29.58061445652997,0.40412,0.25481
29.620896727691836,0.40585,0.25195
29.66057927635696,0.40761,0.24914
29.700368291555808,0.4094,0.24635
29.740264202331485,0.4112,0.2436
29.780267440035477,0.41303,0.24089
29.820378438343244,0.41487,0.23821
29.86059763326984,0.41674,0.23557
29.90020436818109,0.41862,0.23296
29.939916310424696,0.42052,0.23039
29.980458815886763,0.42244,0.22786
30.019657498147676,0.42437,0.22536
30.05968758985107,0.42632,0.2229
30.099824581364793,0.42828,0.22047
30.140068901473093,0.43025,0.21808
30.179686342704763,0.43224,0.21573
30.21940807085398,0.43424,0.21341
30.25923449824272,0.43624,0.21113
30.29916603936943,0.43826,0.20889
30.339203110923435,0.44028,0.20668
30.379346131799398,0.44231,0.20451
30.418849194803535,0.44435,0.20237
30.45920339837851,0.44639,0.20027
30.498914551092128,0.44844,0.1982
30.538729385723713,0.4505,0.19617
30.578648308859005,0.45255,0.19418
30.618671729212384,0.45461,0.19222
30.65880005764088,0.45668,0.19029
30.699033707158172,0.45874,0.18839
30.738610991223428,0.4608,0.18653
30.778290453317705,0.46287,0.1847
30.818072489647214,0.46494,0.18291
30.85795749846928,0.467,0.18115
30.897945880105592,0.46907,0.17942
30.938038036955636,0.47113,0.17772
30.97823437351016,0.47319,0.17605
31.01775928977777,0.47524,0.17441
31.05816318464422,0.4773,0.17281
31.09789245606855,0.47935,0.17123
31.137723500200842,0.4814,0.16968
31.17765670860254,0.48344,0.16816
31.217692474846338,0.48547,0.16667
31.25783119452911,0.48751,0.16521
31.297283209163126,0.48953,0.16378
31.337626992493103,0.49155,0.16238
31.377280820240856,0.49357,0.161
31.417035129003576,0.49557,0.15965
31.456890301187325,0.49758,0.15832
31.49684672114107,0.49957,0.15702
31.536904775169077,0.50156,0.15575
31.577064851543327,0.50353,0.1545
31.616521084559405,0.5055,0.15328
31.656884318421987,0.50747,0.15208
31.696540401140126,0.50942,0.1509
31.736295961578755,0.51137,0.14975
31.77615137451938,0.5133,0.14862
31.816107016628532,0.51523,0.14751
31.856163266469604,0.51715,0.14643
31.896320504514858,0.51906,0.14537
31.93657911315741,0.52096,0.14433
31.976114776164362,0.52285,0.14331
32.015748446289244,0.52474,0.14232
32.05630928797469,0.52661,0.14134
32.0961421297729,0.52847,0.14038
32.13607408649328,0.53032,0.13945
32.17610552853391,0.53217,0.13853
32.21539973837232,0.534,0.13763
32.255629177662655,0.53582,0.13676
32.29511797897937,0.53763,0.1359
32.3355468881151,0.53943,0.13506
32.37523172997172,0.54122,0.13423
32.41501410052543,0.543,0.13343
32.45489435974549,0.54477,0.13264
32.494872869374845,0.54653,0.13187
32.53494999294104,0.54828,0.13112
32.575126095767246,0.55002,0.13039
32.614543583611656,0.55175,0.12967
32.65491662270852,0.55346,0.12896
32.69452756529184,0.55517,0.12828
32.734234722013866,0.55686,0.12761
32.77490481723009,0.55855,0.12695
32.81480756771557,0.56022,0.12631
32.85393699536269,0.56188,0.12569
32.894032535577765,0.56353,0.12508
32.934226062025104,0.56518,0.12448
32.974517934335026,0.5668,0.1239
33.01402940569823,0.56842,0.12333
33.05363567931211,0.57003,0.12278
33.09422043377635,0.57163,0.12224
33.1340194642026,0.57321,0.12171
33.17391433432325,0.57479,0.1212
33.21390539074171,0.57635,0.1207
33.253101095105194,0.5779,0.12021
33.29328341382914,0.57944,0.11974
33.33356296090865,0.58097,0.11928
33.37304175744925,0.58249,0.11883
33.41351464267227,0.584,0.1184
33.45318316148608,0.5855,0.11797
33.49294598117124,0.58698,0.11756
33.53280343838906,0.58846,0.11716
33.572755871405285,0.58992,0.11677
33.61280362009969,0.59138,0.11639
33.65294702597571,0.59282,0.11603
33.692270831571435,0.59425,0.11567
33.73260438936191,0.59567,0.11533
33.772114685416135,0.59708,0.11499
33.81263974939994,0.59848,0.11467
33.85233786569275,0.59986,0.11436
33.89212930761022,0.60124,0.11406
33.932014404636064,0.6026,0.11377
33.971993487806806,0.60396,0.11349
34.012066889720934,0.6053,0.11322
34.052234944548125,0.60663,0.11295
34.0915605568356,0.60795,0.1127
34.13191670560212,0.60926,0.11246
34.17142668277146,0.61056,0.11223
34.211972249751575,0.61185,0.11201
34.25166789134751,0.61312,0.1118
34.291455756471876,0.61439,0.11159
34.33133616688811,0.61564,0.1114
34.3713094458582,0.61688,0.11121
34.411375918151464,0.61811,0.11103
34.45153591005327,0.61933,0.11087
34.4908302314796,0.62054,0.11071
34.531176001420334,0.62174,0.11056
34.570652306797825,0.62293,0.11041
34.611185146864976,0.6241,0.11028
34.65084470336204,0.62527,0.11016
34.69059525268599,0.62642,0.11004
34.730437108350294,0.62756,0.10993
34.77037058531037,0.62869,0.10983
34.81039599997184,0.62981,0.10973
34.85051367019893,0.63092,0.10965
34.890723915322845,0.63201,0.10957
34.93004294494991,0.6331,0.1095
34.97043702631571,0.63417,0.10944
35.00993602335227,0.63523,0.10938
35.04952434926774,0.63628,0.10933
35.09019540743772,0.63732,0.10929
35.12996555495416,0.63835,0.10926
35.169825953280494,0.63936,0.10923
35.20977690997635,0.64037,0.10921
35.24981873400043,0.64136,0.1092
35.28894729694874,0.64234,0.10919
35.32916949709344,0.6433,0.1092
35.36948349206929,0.64426,0.1092
35.408878318749025,0.6452,0.10922
35.449374534124296,0.64613,0.10924
35.488947627976785,0.64705,0.10926
35.52860917359651,0.64796,0.10929
35.56937987580679,0.64886,0.10933
35.60922150413571,0.64974,0.10938
35.64915248658665,0.65061,0.10943
35.68814583146706,0.65147,0.10948
35.728254115929836,0.65231,0.10954
35.76845265357866,0.65314,0.10961
35.8087417493934,0.65396,0.10968
35.84808518854442,0.65477,0.10976
35.88855397953504,0.65556,0.10984
35.928073091975925,0.65635,0.10993
35.9676793342519,0.65711,0.11002
36.00841874799597,0.65787,0.11012
36.048202428650264,0.65861,0.11022
36.08807411604952,0.65934,0.11033
36.12803410254086,0.66006,0.11044
36.168082681767714,0.66076,0.11055
36.20716275825708,0.66145,0.11067
36.24738705835396,0.66212,0.11079
36.287700832118624,0.66278,0.11092
36.327039974538444,0.66343,0.11105
36.3675312193769,0.66406,0.11118
36.40704373310812,0.66468,0.11131
36.446642199159186,0.66529,0.11145
36.48740065718061,0.66588,0.1116
36.52717421356383,0.66646,0.11174
36.567034575915685,0.66702,0.11189
36.60698202872825,0.66757,0.11204
36.64701685773815,0.6681,0.11219
36.68713934993334,0.66862,0.11234
36.726261865902345,0.66912,0.1125
36.76655816176375,0.66961,0.11265
36.80694298147535,0.67009,0.11281
36.84632156471209,0.67055,0.11297
36.885784497991764,0.67099,0.11313
36.92643180637947,0.67142,0.11329
36.9660666169051,0.67183,0.11345
37.005786602524985,0.67223,0.11361
37.04559203809601,0.67262,0.11377
37.08548319965892,0.67298,0.11392
37.125460364444756,0.67334,0.11408
37.16552381088121,0.67367,0.11424
37.205673818599124,0.674,0.11439
37.245910668438995,0.6743,0.11455
37.285113353110916,0.67459,0.1147
37.325522302766565,0.67486,0.11485
37.36489284343912,0.67512,0.11499
37.40547499942669,0.67536,0.11514
37.44501447648809,0.67559,0.11528
37.48463763245245,0.6758,0.11541
37.525480457959965,0.676,0.11554
37.56527418060891,0.67618,0.11567
37.60515239099173,0.67634,0.11579
37.645115358463556,0.67649,0.11591
37.68516335352575,0.67662,0.11602
37.72414879605054,0.67673,0.11612
37.76436521370038,0.67683,0.11622
37.804667469538884,0.67692,0.11631
37.843900687717394,0.67698,0.1164
37.88437297433303,0.67704,0.11647
37.92377188789641,0.67707,0.11654
37.96441528357515,0.6771,0.1166
38.003980944427326,0.6771,0.11665
38.04362916020243,0.6771,0.11669
38.08336018955022,0.67707,0.11672
38.124346555487136,0.67704,0.11674
38.164246447224954,0.67698,0.11675
38.20305276178583,0.67692,0.11675
38.24311765363964,0.67684,0.11674
38.283266668653035,0.67674,0.11671
38.3235000720511,0.67664,0.11668
38.36381813017505,0.67652,0.11662
38.40303157289754,0.67638,0.11656
38.44351723453527,0.67624,0.11648
38.48289385843309,0.67608,0.11639
38.52354817086121,0.67591,0.11628
38.563088996640765,0.67573,0.11615
38.60271107575183,0.67554,0.11602
38.64241465890594,0.67533,0.11586
38.682199997847164,0.67512,0.11569
38.72206734535735,0.6749,0.1155
38.762016955261586,0.67467,0.11529
38.802049082433484,0.67443,0.11507
38.84216398280066,0.67418,0.11482
38.88236191335018,0.67392,0.11456
38.92264313213402,0.67366,0.11428
38.9617834935264,0.67339,0.11398
39.002229523766,0.67311,0.11367
39.041530192744816,0.67283,0.11333
39.082142048007725,0.67254,0.11297
39.121604011453904,0.67226,0.11259
39.16114574639915,0.67196,0.11219
39.20200696654748,0.67167,0.11177
39.24171148381064,0.67137,0.11133
39.281496509552234,0.67107,0.11087
39.32136228889021,0.67077,0.11039
39.36130906793858,0.67048,0.10989
39.40133709381247,0.67018,0.10936
39.44144661463328,0.66988,0.10882
39.48163787953371,0.66959,0.10825
39.520651355699265,0.6693,0.10766
39.56100428624752,0.66902,0.10706
39.600174848477984,0.66874,0.10643
39.640690422067244,0.66846,0.10578
39.6800190210266,0.6682,0.1051
39.72069822294474,0.66793,0.10441
39.76018581698352,0.66768,0.1037
39.801029640492985,0.66744,0.10297
39.84067719572613,0.6672,0.10222
39.880403819067745,0.66698,0.10145
39.920209747279195,0.66677,0.10066
39.96009521806804,0.66656,0.09985
40.000060470092826,0.66638,0.099024